{
  "tag": "sweep-9b-bf16-mns64",
  "model": "ckpt/student-v4-9b-sft-B-ep2-merged_vllm_vlm",
  "mode": "offline",
  "tensor_parallel_size": 1,
  "dtype": "bfloat16",
  "max_model_len": 4096,
  "gpu_memory_utilization": 0.8,
  "enforce_eager": false,
  "n_samples": 287,
  "split": "eval",
  "guided_decoding": false,
  "parsing": {
    "total": 287,
    "valid": 287,
    "valid_rate": 1.0
  },
  "positive_metrics": {
    "teacher": {
      "recall@1": 0.28222996515679444,
      "recall@5": 0.735191637630662,
      "recall@10": 1.0,
      "mrr@10": 0.477281400365024,
      "ndcg@5": 0.5145917724092727,
      "ndcg@10": 0.600256219189437,
      "n_evaluated": 287
    },
    "student": {
      "recall@1": 0.29965156794425085,
      "recall@5": 0.7212543554006968,
      "recall@10": 1.0,
      "mrr@10": 0.4889179248935345,
      "ndcg@5": 0.5178470501490312,
      "ndcg@10": 0.6090142601465911,
      "n_evaluated": 287
    }
  },
  "teacher_agreement": {
    "top1_agreement": 0.5296167247386759,
    "kendall_tau_mean": 0.6741773132017024,
    "kendall_tau_valid_n": 287
  },
  "token_distribution": {
    "n": 287,
    "mean": 686.1,
    "stdev": 34.7,
    "min": 585,
    "p50": 686,
    "p95": 744,
    "p99": 784,
    "max": 787
  },
  "position_bias": {
    "n_valid": 287,
    "top1_slot_counts": [
      40,
      22,
      20,
      32,
      25,
      25,
      41,
      21,
      29,
      32
    ],
    "slot1_top1_rate": 0.1394,
    "chi2_uniform": 17.704,
    "chi2_pvalue": null,
    "recall_by_gt_position": [
      0.32,
      0.2069,
      0.2069,
      0.3235,
      0.2963,
      0.1724,
      0.28,
      0.1724,
      0.48,
      0.5143
    ],
    "recall_support": [
      25,
      29,
      29,
      34,
      27,
      29,
      25,
      29,
      25,
      35
    ]
  },
  "generation_time_s": 109.7
}