{
  "tag": "lat2-cpu-f16",
  "model_name": "student-f16",
  "gguf": "ckpt/student-v4-sft-B-opt-gguf-q4km/student-f16.gguf",
  "n_samples": 50,
  "split": "eval",
  "guided_decoding": false,
  "enable_thinking": false,
  "ctx_size": 4096,
  "n_gpu_layers": 0,
  "parsing": {
    "total": 50,
    "valid": 50,
    "valid_rate": 1.0
  },
  "positive_metrics": {
    "teacher": {
      "recall@1": 0.24,
      "recall@5": 0.62,
      "recall@10": 1.0,
      "mrr@10": 0.41631746031746025,
      "ndcg@5": 0.42798533076002543,
      "ndcg@10": 0.5511548989861867,
      "n_evaluated": 50
    },
    "student": {
      "recall@1": 0.24,
      "recall@5": 0.78,
      "recall@10": 1.0,
      "mrr@10": 0.47355555555555545,
      "ndcg@5": 0.5285676101364367,
      "ndcg@10": 0.5988285661952184,
      "n_evaluated": 50
    }
  },
  "teacher_agreement": {
    "top1_agreement": 0.58,
    "kendall_tau_mean": 0.6373333333333334,
    "kendall_tau_valid_n": 50
  },
  "token_distribution": {
    "n": 50,
    "mean": 683.0,
    "stdev": 31.9,
    "min": 604,
    "p50": 683,
    "p95": 733,
    "p99": 737,
    "max": 737
  },
  "position_bias": {
    "n_valid": 50,
    "top1_slot_counts": [
      7,
      2,
      4,
      3,
      7,
      3,
      10,
      6,
      5,
      3
    ],
    "slot1_top1_rate": 0.14,
    "chi2_uniform": 11.2,
    "chi2_pvalue": 0.262249,
    "recall_by_gt_position": [
      0.6,
      0.2857,
      0.1429,
      0.0,
      0.5,
      0.25,
      0.25,
      0.25,
      0.0,
      0.3333
    ],
    "recall_support": [
      5,
      7,
      7,
      7,
      2,
      4,
      4,
      8,
      3,
      3
    ]
  },
  "generation_time_s": 1393.8
}