{
  "tag": "v4-gkd-guided-B-vllm-guided",
  "model": "ckpt/student-v4-gkd-guided-B-merged_vllm_vlm",
  "mode": "offline",
  "tensor_parallel_size": 1,
  "dtype": "bfloat16",
  "max_model_len": 4096,
  "gpu_memory_utilization": 0.35,
  "enforce_eager": false,
  "n_samples": 287,
  "split": "eval",
  "guided_decoding": true,
  "parsing": {
    "total": 287,
    "valid": 287,
    "valid_rate": 1.0
  },
  "positive_metrics": {
    "teacher": {
      "recall@1": 0.28222996515679444,
      "recall@5": 0.735191637630662,
      "recall@10": 1.0,
      "mrr@10": 0.477281400365024,
      "ndcg@5": 0.5145917724092727,
      "ndcg@10": 0.600256219189437,
      "n_evaluated": 287
    },
    "student": {
      "recall@1": 0.2926829268292683,
      "recall@5": 0.759581881533101,
      "recall@10": 1.0,
      "mrr@10": 0.49249211879873894,
      "ndcg@5": 0.5346348445349142,
      "ndcg@10": 0.6123935379122445,
      "n_evaluated": 287
    }
  },
  "teacher_agreement": {
    "top1_agreement": 0.5679442508710801,
    "kendall_tau_mean": 0.6656600851722786,
    "kendall_tau_valid_n": 287
  },
  "token_distribution": {
    "n": 287,
    "mean": 703.1,
    "stdev": 32.5,
    "min": 635,
    "p50": 699,
    "p95": 756,
    "p99": 790,
    "max": 851
  },
  "position_bias": {
    "n_valid": 287,
    "top1_slot_counts": [
      65,
      19,
      25,
      21,
      22,
      27,
      34,
      15,
      30,
      29
    ],
    "slot1_top1_rate": 0.2265,
    "chi2_uniform": 60.979,
    "chi2_pvalue": null,
    "recall_by_gt_position": [
      0.4,
      0.2759,
      0.3448,
      0.2353,
      0.2963,
      0.2069,
      0.28,
      0.1379,
      0.4,
      0.3714
    ],
    "recall_support": [
      25,
      29,
      29,
      34,
      27,
      29,
      25,
      29,
      25,
      35
    ]
  },
  "generation_time_s": 36.3
}