{
  "tag": "lat2-cpu-q8_0",
  "model_name": "student-q8_0",
  "gguf": "ckpt/student-v4-sft-B-opt-gguf-q8_0/student-q8_0.gguf",
  "n_samples": 50,
  "split": "eval",
  "guided_decoding": false,
  "enable_thinking": false,
  "ctx_size": 4096,
  "n_gpu_layers": 0,
  "parsing": {
    "total": 50,
    "valid": 50,
    "valid_rate": 1.0
  },
  "positive_metrics": {
    "teacher": {
      "recall@1": 0.24,
      "recall@5": 0.62,
      "recall@10": 1.0,
      "mrr@10": 0.41631746031746025,
      "ndcg@5": 0.42798533076002543,
      "ndcg@10": 0.5511548989861867,
      "n_evaluated": 50
    },
    "student": {
      "recall@1": 0.16,
      "recall@5": 0.76,
      "recall@10": 1.0,
      "mrr@10": 0.4143015873015873,
      "ndcg@5": 0.4780576163146816,
      "ndcg@10": 0.5535948500141602,
      "n_evaluated": 50
    }
  },
  "teacher_agreement": {
    "top1_agreement": 0.56,
    "kendall_tau_mean": 0.6568888888888891,
    "kendall_tau_valid_n": 50
  },
  "token_distribution": {
    "n": 50,
    "mean": 683,
    "stdev": 26.3,
    "min": 629,
    "p50": 678,
    "p95": 725,
    "p99": 749,
    "max": 749
  },
  "position_bias": {
    "n_valid": 50,
    "top1_slot_counts": [
      6,
      5,
      5,
      3,
      7,
      5,
      11,
      2,
      5,
      1
    ],
    "slot1_top1_rate": 0.12,
    "chi2_uniform": 14.0,
    "chi2_pvalue": 0.122325,
    "recall_by_gt_position": [
      0.4,
      0.2857,
      0.0,
      0.0,
      0.5,
      0.25,
      0.25,
      0.0,
      0.0,
      0.3333
    ],
    "recall_support": [
      5,
      7,
      7,
      7,
      2,
      4,
      4,
      8,
      3,
      3
    ]
  },
  "generation_time_s": 1192.9
}