{
  "tag": "v4-9b-sft-B-w4a16-vllm-guided",
  "model": "ckpt/student-v4-9b-sft-B-merged_vllm_vlm_w4a16_shell",
  "mode": "offline",
  "tensor_parallel_size": 1,
  "dtype": "bfloat16",
  "max_model_len": 4096,
  "gpu_memory_utilization": 0.5,
  "enforce_eager": false,
  "n_samples": 287,
  "split": "eval",
  "guided_decoding": true,
  "parsing": {
    "total": 287,
    "valid": 287,
    "valid_rate": 1.0
  },
  "positive_metrics": {
    "teacher": {
      "recall@1": 0.28222996515679444,
      "recall@5": 0.735191637630662,
      "recall@10": 1.0,
      "mrr@10": 0.477281400365024,
      "ndcg@5": 0.5145917724092727,
      "ndcg@10": 0.600256219189437,
      "n_evaluated": 287
    },
    "student": {
      "recall@1": 0.28222996515679444,
      "recall@5": 0.7456445993031359,
      "recall@10": 1.0,
      "mrr@10": 0.47601211216193784,
      "ndcg@5": 0.5161360941664547,
      "ndcg@10": 0.5995040787451397,
      "n_evaluated": 287
    }
  },
  "teacher_agreement": {
    "top1_agreement": 0.578397212543554,
    "kendall_tau_mean": 0.6754161827332542,
    "kendall_tau_valid_n": 287
  },
  "token_distribution": {
    "n": 287,
    "mean": 682.6,
    "stdev": 36.6,
    "min": 593,
    "p50": 679,
    "p95": 747,
    "p99": 773,
    "max": 794
  },
  "position_bias": {
    "n_valid": 287,
    "top1_slot_counts": [
      51,
      17,
      25,
      28,
      27,
      21,
      41,
      17,
      32,
      28
    ],
    "slot1_top1_rate": 0.1777,
    "chi2_uniform": 35.195,
    "chi2_pvalue": null,
    "recall_by_gt_position": [
      0.4,
      0.1034,
      0.2069,
      0.2941,
      0.3333,
      0.1724,
      0.36,
      0.1034,
      0.52,
      0.3714
    ],
    "recall_support": [
      25,
      29,
      29,
      34,
      27,
      29,
      25,
      29,
      25,
      35
    ]
  },
  "generation_time_s": 124.1
}