{
  "tag": "v4-9b-sft-B-ep2",
  "split": "eval",
  "n_samples": 287,
  "model": "ckpt/student-v4-9b-sft-B/checkpoint-678",
  "positive_metrics": {
    "teacher": {
      "recall@1": 0.28222996515679444,
      "recall@5": 0.735191637630662,
      "recall@10": 1.0,
      "mrr@10": 0.477281400365024,
      "n_evaluated": 287
    },
    "student": {
      "recall@1": 0.2961672473867596,
      "recall@5": 0.735191637630662,
      "recall@10": 1.0,
      "mrr@10": 0.485541452353299,
      "n_evaluated": 287
    }
  },
  "parsing": {
    "total": 287,
    "valid": 287,
    "valid_rate": 1.0
  },
  "teacher_agreement": {
    "top1_agreement": 0.5365853658536586,
    "kendall_tau_mean": 0.6706155632984885,
    "kendall_tau_valid_n": 287
  }
}