{
  "tag": "sweep-9b-nf4-mns16",
  "model": "ckpt/student-v4-9b-sft-B-ep2-merged_vllm_vlm_nf4_shell",
  "mode": "offline",
  "tensor_parallel_size": 1,
  "dtype": "bfloat16",
  "max_model_len": 4096,
  "gpu_memory_utilization": 0.8,
  "enforce_eager": false,
  "n_samples": 287,
  "split": "eval",
  "guided_decoding": false,
  "parsing": {
    "total": 287,
    "valid": 284,
    "valid_rate": 0.9895470383275261
  },
  "positive_metrics": {
    "teacher": {
      "recall@1": 0.28222996515679444,
      "recall@5": 0.735191637630662,
      "recall@10": 1,
      "mrr@10": 0.477281400365024,
      "ndcg@5": 0.5145917724092727,
      "ndcg@10": 0.600256219189437,
      "n_evaluated": 287
    },
    "student": {
      "recall@1": 0.25435540069686413,
      "recall@5": 0.7142857142857143,
      "recall@10": 0.9895470383275261,
      "mrr@10": 0.4531400365024059,
      "ndcg@5": 0.48941934180218694,
      "ndcg@10": 0.5791889578505329,
      "n_evaluated": 287
    }
  },
  "teacher_agreement": {
    "top1_agreement": 0.4250871080139373,
    "kendall_tau_mean": 0.5613458528951483,
    "kendall_tau_valid_n": 284
  },
  "token_distribution": {
    "n": 287,
    "mean": 723.2,
    "stdev": 69.1,
    "min": 601,
    "p50": 708,
    "p95": 874,
    "p99": 914,
    "max": 1024
  },
  "position_bias": {
    "n_valid": 284,
    "top1_slot_counts": [
      27,
      33,
      35,
      30,
      29,
      28,
      30,
      20,
      24,
      28
    ],
    "slot1_top1_rate": 0.0951,
    "chi2_uniform": 5.718,
    "chi2_pvalue": null,
    "recall_by_gt_position": [
      0.2,
      0.2414,
      0.3103,
      0.2424,
      0.2222,
      0.25,
      0.28,
      0.25,
      0.2,
      0.3429
    ],
    "recall_support": [
      25,
      29,
      29,
      33,
      27,
      28,
      25,
      28,
      25,
      35
    ]
  },
  "generation_time_s": 297.5
}
