{
  "tag": "sweep-w4a16-fp16-mns16",
  "model": "ckpt/student-v4-sft-B-opt-merged_vllm_vlm_w4a16_shell",
  "mode": "offline",
  "tensor_parallel_size": 1,
  "dtype": "float16",
  "max_model_len": 4096,
  "gpu_memory_utilization": 0.8,
  "enforce_eager": false,
  "n_samples": 287,
  "split": "eval",
  "guided_decoding": false,
  "parsing": {
    "total": 287,
    "valid": 287,
    "valid_rate": 1.0
  },
  "positive_metrics": {
    "teacher": {
      "recall@1": 0.28222996515679444,
      "recall@5": 0.735191637630662,
      "recall@10": 1.0,
      "mrr@10": 0.477281400365024,
      "ndcg@5": 0.5145917724092727,
      "ndcg@10": 0.600256219189437,
      "n_evaluated": 287
    },
    "student": {
      "recall@1": 0.2787456445993031,
      "recall@5": 0.7456445993031359,
      "recall@10": 1.0,
      "mrr@10": 0.48263923455561075,
      "ndcg@5": 0.5230241641452916,
      "ndcg@10": 0.6047272414888745,
      "n_evaluated": 287
    }
  },
  "teacher_agreement": {
    "top1_agreement": 0.519163763066202,
    "kendall_tau_mean": 0.6625629113433983,
    "kendall_tau_valid_n": 287
  },
  "token_distribution": {
    "n": 287,
    "mean": 684.5,
    "stdev": 36.8,
    "min": 586,
    "p50": 683,
    "p95": 746,
    "p99": 768,
    "max": 794
  },
  "position_bias": {
    "n_valid": 287,
    "top1_slot_counts": [
      37,
      14,
      23,
      28,
      33,
      26,
      35,
      23,
      36,
      32
    ],
    "slot1_top1_rate": 0.1289,
    "chi2_uniform": 16.728,
    "chi2_pvalue": null,
    "recall_by_gt_position": [
      0.28,
      0.1379,
      0.2414,
      0.2941,
      0.3704,
      0.2069,
      0.32,
      0.1724,
      0.32,
      0.4286
    ],
    "recall_support": [
      25,
      29,
      29,
      34,
      27,
      29,
      25,
      29,
      25,
      35
    ]
  },
  "generation_time_s": 52.2
}