{
  "tag": "v2-sft-w4a16",
  "split": "eval",
  "n_samples": 283,
  "model": "ckpt/student-v2-sft-w4a16",
  "positive_metrics": {
    "teacher": {
      "recall@1": 0.26501766784452296,
      "recall@5": 0.7173144876325088,
      "recall@10": 1.0,
      "mrr@10": 0.4576546637500701,
      "n_evaluated": 283
    },
    "student": {
      "recall@1": 0.254416961130742,
      "recall@5": 0.7667844522968198,
      "recall@10": 1.0,
      "mrr@10": 0.4792332716360986,
      "n_evaluated": 283
    }
  },
  "parsing": {
    "total": 283,
    "valid": 283,
    "valid_rate": 1.0
  },
  "teacher_agreement": {
    "top1_agreement": 0.5229681978798587,
    "kendall_tau_mean": 0.6081664703572822,
    "kendall_tau_valid_n": 283
  }
}