{
  "tag": "lat-v4-sft-B-opt-w4a16-fp16",
  "model": "ckpt/student-v4-sft-B-opt-merged_vllm_vlm_w4a16_shell",
  "mode": "offline",
  "tensor_parallel_size": 1,
  "dtype": "float16",
  "max_model_len": 4096,
  "gpu_memory_utilization": 0.35,
  "enforce_eager": true,
  "n_samples": 50,
  "split": "eval",
  "guided_decoding": true,
  "parsing": {
    "total": 50,
    "valid": 50,
    "valid_rate": 1.0
  },
  "positive_metrics": {
    "teacher": {
      "recall@1": 0.24,
      "recall@5": 0.62,
      "recall@10": 1.0,
      "mrr@10": 0.41631746031746025,
      "ndcg@5": 0.42798533076002543,
      "ndcg@10": 0.5511548989861867,
      "n_evaluated": 50
    },
    "student": {
      "recall@1": 0.34,
      "recall@5": 0.76,
      "recall@10": 1.0,
      "mrr@10": 0.5136904761904761,
      "ndcg@5": 0.5532225209028837,
      "ndcg@10": 0.6271282097641244,
      "n_evaluated": 50
    }
  },
  "teacher_agreement": {
    "top1_agreement": 0.6,
    "kendall_tau_mean": 0.6595555555555558,
    "kendall_tau_valid_n": 50
  },
  "token_distribution": {
    "n": 50,
    "mean": 690.7,
    "stdev": 34.4,
    "min": 596,
    "p50": 690,
    "p95": 744,
    "p99": 747,
    "max": 747
  },
  "position_bias": {
    "n_valid": 50,
    "top1_slot_counts": [
      4,
      2,
      4,
      5,
      8,
      4,
      11,
      4,
      5,
      3
    ],
    "slot1_top1_rate": 0.08,
    "chi2_uniform": 12.4,
    "chi2_pvalue": null,
    "recall_by_gt_position": [
      0.4,
      0.2857,
      0.2857,
      0.4286,
      1.0,
      0.5,
      0.5,
      0.125,
      0.0,
      0.3333
    ],
    "recall_support": [
      5,
      7,
      7,
      7,
      2,
      4,
      4,
      8,
      3,
      3
    ]
  },
  "generation_time_s": 708.1
}