{
  "tag": "sweep-9b-w4a16-fp16-mns1",
  "model": "ckpt/student-v4-9b-sft-B-ep2-merged_vllm_vlm_w4a16_shell",
  "mode": "offline",
  "tensor_parallel_size": 1,
  "dtype": "float16",
  "max_model_len": 4096,
  "gpu_memory_utilization": 0.8,
  "enforce_eager": false,
  "n_samples": 287,
  "split": "eval",
  "guided_decoding": false,
  "parsing": {
    "total": 287,
    "valid": 287,
    "valid_rate": 1.0
  },
  "positive_metrics": {
    "teacher": {
      "recall@1": 0.28222996515679444,
      "recall@5": 0.735191637630662,
      "recall@10": 1.0,
      "mrr@10": 0.477281400365024,
      "ndcg@5": 0.5145917724092727,
      "ndcg@10": 0.600256219189437,
      "n_evaluated": 287
    },
    "student": {
      "recall@1": 0.27526132404181186,
      "recall@5": 0.7456445993031359,
      "recall@10": 1.0,
      "mrr@10": 0.4781580111719482,
      "ndcg@5": 0.5187638613319412,
      "ndcg@10": 0.6012779719730483,
      "n_evaluated": 287
    }
  },
  "teacher_agreement": {
    "top1_agreement": 0.5156794425087108,
    "kendall_tau_mean": 0.6582268679829643,
    "kendall_tau_valid_n": 287
  },
  "token_distribution": {
    "n": 287,
    "mean": 685.7,
    "stdev": 32.3,
    "min": 614,
    "p50": 685,
    "p95": 746,
    "p99": 773,
    "max": 789
  },
  "position_bias": {
    "n_valid": 287,
    "top1_slot_counts": [
      43,
      18,
      26,
      27,
      30,
      27,
      40,
      15,
      31,
      30
    ],
    "slot1_top1_rate": 0.1498,
    "chi2_uniform": 22.861,
    "chi2_pvalue": null,
    "recall_by_gt_position": [
      0.36,
      0.1379,
      0.2414,
      0.2647,
      0.3333,
      0.2414,
      0.28,
      0.1379,
      0.32,
      0.4286
    ],
    "recall_support": [
      25,
      29,
      29,
      34,
      27,
      29,
      25,
      29,
      25,
      35
    ]
  },
  "generation_time_s": 1194.4
}