{
  "tag": "v4-sft-B-opt-nf4",
  "split": "eval",
  "n_samples": 287,
  "model": "ckpt/student-v4-sft-B-opt-nf4",
  "positive_metrics": {
    "teacher": {
      "recall@1": 0.28222996515679444,
      "recall@5": 0.735191637630662,
      "recall@10": 1.0,
      "mrr@10": 0.477281400365024,
      "n_evaluated": 287
    },
    "student": {
      "recall@1": 0.26480836236933797,
      "recall@5": 0.7526132404181185,
      "recall@10": 0.9965156794425087,
      "mrr@10": 0.47552403075051136,
      "n_evaluated": 287
    }
  },
  "parsing": {
    "total": 287,
    "valid": 286,
    "valid_rate": 0.9965156794425087
  },
  "teacher_agreement": {
    "top1_agreement": 0.49477351916376305,
    "kendall_tau_mean": 0.6640248640248629,
    "kendall_tau_valid_n": 286
  }
}