{
  "tag": "sweep-9b-nf4-mns256",
  "model": "ckpt/student-v4-9b-sft-B-ep2-merged_vllm_vlm_nf4_shell",
  "mode": "offline",
  "tensor_parallel_size": 1,
  "dtype": "bfloat16",
  "max_model_len": 4096,
  "gpu_memory_utilization": 0.8,
  "enforce_eager": false,
  "n_samples": 287,
  "split": "eval",
  "guided_decoding": false,
  "parsing": {
    "total": 287,
    "valid": 287,
    "valid_rate": 1.0
  },
  "positive_metrics": {
    "teacher": {
      "recall@1": 0.28222996515679444,
      "recall@5": 0.735191637630662,
      "recall@10": 1.0,
      "mrr@10": 0.477281400365024,
      "ndcg@5": 0.5145917724092727,
      "ndcg@10": 0.600256219189437,
      "n_evaluated": 287
    },
    "student": {
      "recall@1": 0.2508710801393728,
      "recall@5": 0.7177700348432056,
      "recall@10": 1.0,
      "mrr@10": 0.4502364360378298,
      "ndcg@5": 0.4880545116181305,
      "ndcg@10": 0.5792779490378707,
      "n_evaluated": 287
    }
  },
  "teacher_agreement": {
    "top1_agreement": 0.4808362369337979,
    "kendall_tau_mean": 0.5770809136662783,
    "kendall_tau_valid_n": 287
  },
  "token_distribution": {
    "n": 287,
    "mean": 720.1,
    "stdev": 73.1,
    "min": 588,
    "p50": 705,
    "p95": 874,
    "p99": 945,
    "max": 1005
  },
  "position_bias": {
    "n_valid": 287,
    "top1_slot_counts": [
      26,
      35,
      38,
      26,
      28,
      25,
      41,
      21,
      21,
      26
    ],
    "slot1_top1_rate": 0.0906,
    "chi2_uniform": 15.056,
    "chi2_pvalue": null,
    "recall_by_gt_position": [
      0.24,
      0.2759,
      0.2414,
      0.2353,
      0.2222,
      0.1724,
      0.32,
      0.1379,
      0.24,
      0.4
    ],
    "recall_support": [
      25,
      29,
      29,
      34,
      27,
      29,
      25,
      29,
      25,
      35
    ]
  },
  "generation_time_s": 99.1
}