{
  "tag": "sweep-nf4-mns4",
  "model": "ckpt/student-v4-sft-B-opt-merged_vllm_vlm_nf4_shell",
  "mode": "offline",
  "tensor_parallel_size": 1,
  "dtype": "bfloat16",
  "max_model_len": 4096,
  "gpu_memory_utilization": 0.8,
  "enforce_eager": false,
  "n_samples": 287,
  "split": "eval",
  "guided_decoding": false,
  "parsing": {
    "total": 287,
    "valid": 287,
    "valid_rate": 1.0
  },
  "positive_metrics": {
    "teacher": {
      "recall@1": 0.28222996515679444,
      "recall@5": 0.735191637630662,
      "recall@10": 1.0,
      "mrr@10": 0.477281400365024,
      "ndcg@5": 0.5145917724092727,
      "ndcg@10": 0.600256219189437,
      "n_evaluated": 287
    },
    "student": {
      "recall@1": 0.23344947735191637,
      "recall@5": 0.7491289198606271,
      "recall@10": 1.0,
      "mrr@10": 0.4627398927050494,
      "ndcg@5": 0.5087753788531447,
      "ndcg@10": 0.590574173339436,
      "n_evaluated": 287
    }
  },
  "teacher_agreement": {
    "top1_agreement": 0.4843205574912892,
    "kendall_tau_mean": 0.6628726287262855,
    "kendall_tau_valid_n": 287
  },
  "token_distribution": {
    "n": 287,
    "mean": 689.1,
    "stdev": 34.5,
    "min": 591,
    "p50": 687,
    "p95": 746,
    "p99": 772,
    "max": 804
  },
  "position_bias": {
    "n_valid": 287,
    "top1_slot_counts": [
      33,
      15,
      21,
      30,
      37,
      32,
      37,
      20,
      36,
      26
    ],
    "slot1_top1_rate": 0.115,
    "chi2_uniform": 19.237,
    "chi2_pvalue": null,
    "recall_by_gt_position": [
      0.16,
      0.1379,
      0.2414,
      0.1765,
      0.4074,
      0.1379,
      0.28,
      0.1379,
      0.36,
      0.3143
    ],
    "recall_support": [
      25,
      29,
      29,
      34,
      27,
      29,
      25,
      29,
      25,
      35
    ]
  },
  "generation_time_s": 177.7
}