{
  "tag": "v4-9b-sft-B-ep2-vllm-guided",
  "model": "ckpt/student-v4-9b-sft-B-ep2-merged_vllm_vlm",
  "mode": "offline",
  "tensor_parallel_size": 1,
  "dtype": "bfloat16",
  "max_model_len": 4096,
  "gpu_memory_utilization": 0.5,
  "enforce_eager": false,
  "n_samples": 287,
  "split": "eval",
  "guided_decoding": true,
  "parsing": {
    "total": 287,
    "valid": 287,
    "valid_rate": 1.0
  },
  "positive_metrics": {
    "teacher": {
      "recall@1": 0.28222996515679444,
      "recall@5": 0.735191637630662,
      "recall@10": 1.0,
      "mrr@10": 0.477281400365024,
      "ndcg@5": 0.5145917724092727,
      "ndcg@10": 0.600256219189437,
      "n_evaluated": 287
    },
    "student": {
      "recall@1": 0.26480836236933797,
      "recall@5": 0.7386759581881533,
      "recall@10": 1.0,
      "mrr@10": 0.467204524086057,
      "ndcg@5": 0.5079060430495103,
      "ndcg@10": 0.5927050247088685,
      "n_evaluated": 287
    }
  },
  "teacher_agreement": {
    "top1_agreement": 0.5574912891986062,
    "kendall_tau_mean": 0.6744870305845901,
    "kendall_tau_valid_n": 287
  },
  "token_distribution": {
    "n": 287,
    "mean": 686.4,
    "stdev": 37.9,
    "min": 579,
    "p50": 683,
    "p95": 749,
    "p99": 784,
    "max": 791
  },
  "position_bias": {
    "n_valid": 287,
    "top1_slot_counts": [
      39,
      21,
      19,
      27,
      29,
      27,
      37,
      23,
      30,
      35
    ],
    "slot1_top1_rate": 0.1359,
    "chi2_uniform": 14.22,
    "chi2_pvalue": null,
    "recall_by_gt_position": [
      0.24,
      0.1724,
      0.2414,
      0.1765,
      0.2963,
      0.1724,
      0.28,
      0.1379,
      0.44,
      0.4857
    ],
    "recall_support": [
      25,
      29,
      29,
      34,
      27,
      29,
      25,
      29,
      25,
      35
    ]
  },
  "generation_time_s": 94.3
}