{
  "tag": "sweep-w4a16-fp16-mns64",
  "model": "ckpt/student-v4-sft-B-opt-merged_vllm_vlm_w4a16_shell",
  "mode": "offline",
  "tensor_parallel_size": 1,
  "dtype": "float16",
  "max_model_len": 4096,
  "gpu_memory_utilization": 0.8,
  "enforce_eager": false,
  "n_samples": 287,
  "split": "eval",
  "guided_decoding": false,
  "parsing": {
    "total": 287,
    "valid": 287,
    "valid_rate": 1.0
  },
  "positive_metrics": {
    "teacher": {
      "recall@1": 0.28222996515679444,
      "recall@5": 0.735191637630662,
      "recall@10": 1.0,
      "mrr@10": 0.477281400365024,
      "ndcg@5": 0.5145917724092727,
      "ndcg@10": 0.600256219189437,
      "n_evaluated": 287
    },
    "student": {
      "recall@1": 0.27177700348432055,
      "recall@5": 0.7491289198606271,
      "recall@10": 1.0,
      "mrr@10": 0.4797065980863888,
      "ndcg@5": 0.5222563664726397,
      "ndcg@10": 0.6025763445220402,
      "n_evaluated": 287
    }
  },
  "teacher_agreement": {
    "top1_agreement": 0.5156794425087108,
    "kendall_tau_mean": 0.664421215640727,
    "kendall_tau_valid_n": 287
  },
  "token_distribution": {
    "n": 287,
    "mean": 685.2,
    "stdev": 35.9,
    "min": 587,
    "p50": 684,
    "p95": 746,
    "p99": 768,
    "max": 777
  },
  "position_bias": {
    "n_valid": 287,
    "top1_slot_counts": [
      38,
      14,
      21,
      28,
      36,
      26,
      38,
      20,
      35,
      31
    ],
    "slot1_top1_rate": 0.1324,
    "chi2_uniform": 21.955,
    "chi2_pvalue": null,
    "recall_by_gt_position": [
      0.28,
      0.1379,
      0.2069,
      0.2941,
      0.3704,
      0.2069,
      0.32,
      0.1379,
      0.32,
      0.4286
    ],
    "recall_support": [
      25,
      29,
      29,
      34,
      27,
      29,
      25,
      29,
      25,
      35
    ]
  },
  "generation_time_s": 27.8
}