{
  "tag": "v4-9b-sft-B-ep2-vllm-unguided",
  "model": "ckpt/student-v4-9b-sft-B-ep2-merged_vllm_vlm",
  "mode": "offline",
  "tensor_parallel_size": 1,
  "dtype": "bfloat16",
  "max_model_len": 4096,
  "gpu_memory_utilization": 0.5,
  "enforce_eager": false,
  "n_samples": 287,
  "split": "eval",
  "guided_decoding": false,
  "parsing": {
    "total": 287,
    "valid": 287,
    "valid_rate": 1.0
  },
  "positive_metrics": {
    "teacher": {
      "recall@1": 0.28222996515679444,
      "recall@5": 0.735191637630662,
      "recall@10": 1.0,
      "mrr@10": 0.477281400365024,
      "ndcg@5": 0.5145917724092727,
      "ndcg@10": 0.600256219189437,
      "n_evaluated": 287
    },
    "student": {
      "recall@1": 0.30662020905923343,
      "recall@5": 0.7560975609756098,
      "recall@10": 1.0,
      "mrr@10": 0.49426331508213034,
      "ndcg@5": 0.5343562481201777,
      "ndcg@10": 0.6132802926888897,
      "n_evaluated": 287
    }
  },
  "teacher_agreement": {
    "top1_agreement": 0.5400696864111498,
    "kendall_tau_mean": 0.679597367402244,
    "kendall_tau_valid_n": 287
  },
  "token_distribution": {
    "n": 287,
    "mean": 684.9,
    "stdev": 35.9,
    "min": 580,
    "p50": 684,
    "p95": 746,
    "p99": 763,
    "max": 818
  },
  "position_bias": {
    "n_valid": 287,
    "top1_slot_counts": [
      38,
      18,
      23,
      33,
      27,
      26,
      36,
      23,
      33,
      30
    ],
    "slot1_top1_rate": 0.1324,
    "chi2_uniform": 12.826,
    "chi2_pvalue": null,
    "recall_by_gt_position": [
      0.28,
      0.1724,
      0.2759,
      0.3824,
      0.3333,
      0.2069,
      0.28,
      0.1724,
      0.52,
      0.4286
    ],
    "recall_support": [
      25,
      29,
      29,
      34,
      27,
      29,
      25,
      29,
      25,
      35
    ]
  },
  "generation_time_s": 83.8
}