{
  "tag": "qwen35-teacher-offline-varC-thinkOn",
  "model": "Qwen/Qwen3.5-35B-A3B",
  "mode": "offline",
  "tensor_parallel_size": 1,
  "dtype": "bfloat16",
  "max_model_len": 5120,
  "gpu_memory_utilization": 0.85,
  "enforce_eager": true,
  "n_samples": 287,
  "split": "eval",
  "guided_decoding": true,
  "parsing": {
    "total": 287,
    "valid": 287,
    "valid_rate": 1.0
  },
  "positive_metrics": {
    "teacher": {
      "recall@1": 0.28222996515679444,
      "recall@5": 0.735191637630662,
      "recall@10": 1.0,
      "mrr@10": 0.477281400365024,
      "ndcg@5": 0.5145917724092727,
      "ndcg@10": 0.600256219189437,
      "n_evaluated": 287
    },
    "student": {
      "recall@1": 0.25435540069686413,
      "recall@5": 0.7491289198606271,
      "recall@10": 1.0,
      "mrr@10": 0.47518942536364117,
      "ndcg@5": 0.5183390535055793,
      "ndcg@10": 0.5997054832371957,
      "n_evaluated": 287
    }
  },
  "teacher_agreement": {
    "top1_agreement": 0.6027874564459931,
    "kendall_tau_mean": 0.7138211382113807,
    "kendall_tau_valid_n": 287
  },
  "token_distribution": {
    "n": 287,
    "mean": 586.3,
    "stdev": 69.7,
    "min": 433,
    "p50": 577,
    "p95": 715,
    "p99": 762,
    "max": 781
  },
  "position_bias": {
    "n_valid": 287,
    "top1_slot_counts": [
      39,
      27,
      29,
      26,
      33,
      26,
      27,
      24,
      27,
      29
    ],
    "slot1_top1_rate": 0.1359,
    "chi2_uniform": 5.927,
    "chi2_pvalue": null,
    "recall_by_gt_position": [
      0.28,
      0.2759,
      0.2069,
      0.2059,
      0.4444,
      0.1724,
      0.16,
      0.1379,
      0.28,
      0.3714
    ],
    "recall_support": [
      25,
      29,
      29,
      34,
      27,
      29,
      25,
      29,
      25,
      35
    ]
  },
  "generation_time_s": 191.2
}