{
  "tag": "sweep-9b-w4a16-fp16-mns16",
  "model": "ckpt/student-v4-9b-sft-B-ep2-merged_vllm_vlm_w4a16_shell",
  "mode": "offline",
  "tensor_parallel_size": 1,
  "dtype": "float16",
  "max_model_len": 4096,
  "gpu_memory_utilization": 0.8,
  "enforce_eager": false,
  "n_samples": 287,
  "split": "eval",
  "guided_decoding": false,
  "parsing": {
    "total": 287,
    "valid": 287,
    "valid_rate": 1.0
  },
  "positive_metrics": {
    "teacher": {
      "recall@1": 0.28222996515679444,
      "recall@5": 0.735191637630662,
      "recall@10": 1.0,
      "mrr@10": 0.477281400365024,
      "ndcg@5": 0.5145917724092727,
      "ndcg@10": 0.600256219189437,
      "n_evaluated": 287
    },
    "student": {
      "recall@1": 0.2857142857142857,
      "recall@5": 0.7526132404181185,
      "recall@10": 1.0,
      "mrr@10": 0.48371356672750393,
      "ndcg@5": 0.5253814237483376,
      "ndcg@10": 0.605454944825438,
      "n_evaluated": 287
    }
  },
  "teacher_agreement": {
    "top1_agreement": 0.5470383275261324,
    "kendall_tau_mean": 0.6644212156407262,
    "kendall_tau_valid_n": 287
  },
  "token_distribution": {
    "n": 287,
    "mean": 684.1,
    "stdev": 31.9,
    "min": 612,
    "p50": 683,
    "p95": 741,
    "p99": 770,
    "max": 786
  },
  "position_bias": {
    "n_valid": 287,
    "top1_slot_counts": [
      44,
      21,
      22,
      25,
      30,
      28,
      41,
      15,
      30,
      31
    ],
    "slot1_top1_rate": 0.1533,
    "chi2_uniform": 24.394,
    "chi2_pvalue": null,
    "recall_by_gt_position": [
      0.4,
      0.1379,
      0.1724,
      0.2941,
      0.2963,
      0.2414,
      0.28,
      0.1724,
      0.36,
      0.4857
    ],
    "recall_support": [
      25,
      29,
      29,
      34,
      27,
      29,
      25,
      29,
      25,
      35
    ]
  },
  "generation_time_s": 132.7
}