{
  "tag": "v4-9b-sft-B-nf4",
  "split": "eval",
  "n_samples": 287,
  "model": "ckpt/student-v4-9b-sft-B-nf4",
  "positive_metrics": {
    "teacher": {
      "recall@1": 0.28222996515679444,
      "recall@5": 0.735191637630662,
      "recall@10": 1.0,
      "mrr@10": 0.477281400365024,
      "n_evaluated": 287
    },
    "student": {
      "recall@1": 0.21254355400696864,
      "recall@5": 0.7038327526132404,
      "recall@10": 0.9965156794425087,
      "mrr@10": 0.42172031414191674,
      "n_evaluated": 287
    }
  },
  "parsing": {
    "total": 287,
    "valid": 286,
    "valid_rate": 0.9965156794425087
  },
  "teacher_agreement": {
    "top1_agreement": 0.45993031358885017,
    "kendall_tau_mean": 0.567676767676767,
    "kendall_tau_valid_n": 286
  }
}