{
  "tag": "v4-sft-B-opt-w4a16",
  "split": "eval",
  "n_samples": 287,
  "model": "ckpt/student-v4-sft-B-opt-w4a16",
  "positive_metrics": {
    "teacher": {
      "recall@1": 0.28222996515679444,
      "recall@5": 0.735191637630662,
      "recall@10": 1.0,
      "mrr@10": 0.477281400365024,
      "n_evaluated": 287
    },
    "student": {
      "recall@1": 0.24738675958188153,
      "recall@5": 0.7317073170731707,
      "recall@10": 1.0,
      "mrr@10": 0.46114844311708403,
      "n_evaluated": 287
    }
  },
  "parsing": {
    "total": 287,
    "valid": 287,
    "valid_rate": 1.0
  },
  "teacher_agreement": {
    "top1_agreement": 0.5017421602787456,
    "kendall_tau_mean": 0.660704607046069,
    "kendall_tau_valid_n": 287
  }
}