{
  "tag": "lat-teacher-35B",
  "model": "Qwen/Qwen3.5-35B-A3B",
  "mode": "offline",
  "tensor_parallel_size": 1,
  "dtype": "bfloat16",
  "max_model_len": 5120,
  "gpu_memory_utilization": 0.8,
  "enforce_eager": true,
  "n_samples": 50,
  "split": "eval",
  "guided_decoding": true,
  "parsing": {
    "total": 50,
    "valid": 50,
    "valid_rate": 1.0
  },
  "positive_metrics": {
    "teacher": {
      "recall@1": 0.24,
      "recall@5": 0.62,
      "recall@10": 1.0,
      "mrr@10": 0.41631746031746025,
      "ndcg@5": 0.42798533076002543,
      "ndcg@10": 0.5511548989861867,
      "n_evaluated": 50
    },
    "student": {
      "recall@1": 0.22,
      "recall@5": 0.68,
      "recall@10": 1.0,
      "mrr@10": 0.44360317460317455,
      "ndcg@5": 0.47119703518676787,
      "ndcg@10": 0.5742472181953835,
      "n_evaluated": 50
    }
  },
  "teacher_agreement": {
    "top1_agreement": 0.66,
    "kendall_tau_mean": 0.7253333333333336,
    "kendall_tau_valid_n": 50
  },
  "token_distribution": {
    "n": 50,
    "mean": 590.4,
    "stdev": 30.7,
    "min": 518,
    "p50": 591,
    "p95": 635,
    "p99": 653,
    "max": 653
  },
  "position_bias": {
    "n_valid": 50,
    "top1_slot_counts": [
      7,
      2,
      4,
      5,
      7,
      3,
      9,
      5,
      4,
      4
    ],
    "slot1_top1_rate": 0.14,
    "chi2_uniform": 8.0,
    "chi2_pvalue": null,
    "recall_by_gt_position": [
      0.4,
      0.1429,
      0.1429,
      0.1429,
      0.5,
      0.25,
      0.25,
      0.125,
      0.3333,
      0.3333
    ],
    "recall_support": [
      5,
      7,
      7,
      7,
      2,
      4,
      4,
      8,
      3,
      3
    ]
  },
  "generation_time_s": 1681.3
}