{
  "tag": "v4-sft-B-opt-fp8dyn-vllm-guided",
  "model": "ckpt/student-v4-sft-B-opt-fp8-dynamic_vllm_vlm_shell",
  "mode": "offline",
  "tensor_parallel_size": 1,
  "dtype": "bfloat16",
  "max_model_len": 4096,
  "gpu_memory_utilization": 0.35,
  "enforce_eager": false,
  "n_samples": 287,
  "split": "eval",
  "guided_decoding": true,
  "parsing": {
    "total": 287,
    "valid": 287,
    "valid_rate": 1.0
  },
  "positive_metrics": {
    "teacher": {
      "recall@1": 0.28222996515679444,
      "recall@5": 0.735191637630662,
      "recall@10": 1.0,
      "mrr@10": 0.477281400365024,
      "ndcg@5": 0.5145917724092727,
      "ndcg@10": 0.600256219189437,
      "n_evaluated": 287
    },
    "student": {
      "recall@1": 0.23693379790940766,
      "recall@5": 0.7630662020905923,
      "recall@10": 1.0,
      "mrr@10": 0.46677036668325855,
      "ndcg@5": 0.5167966161519059,
      "ndcg@10": 0.5937665527355538,
      "n_evaluated": 287
    }
  },
  "teacher_agreement": {
    "top1_agreement": 0.5087108013937283,
    "kendall_tau_mean": 0.6603948896631808,
    "kendall_tau_valid_n": 287
  },
  "token_distribution": {
    "n": 287,
    "mean": 689.9,
    "stdev": 36.7,
    "min": 604,
    "p50": 686,
    "p95": 750,
    "p99": 784,
    "max": 835
  },
  "position_bias": {
    "n_valid": 287,
    "top1_slot_counts": [
      46,
      16,
      15,
      24,
      35,
      29,
      37,
      19,
      38,
      28
    ],
    "slot1_top1_rate": 0.1603,
    "chi2_uniform": 33.453,
    "chi2_pvalue": null,
    "recall_by_gt_position": [
      0.32,
      0.1724,
      0.069,
      0.2059,
      0.3704,
      0.1379,
      0.2,
      0.1034,
      0.36,
      0.4286
    ],
    "recall_support": [
      25,
      29,
      29,
      34,
      27,
      29,
      25,
      29,
      25,
      35
    ]
  },
  "generation_time_s": 47.8
}