{
  "tag": "v4-9b-sft-B-ep2-w4a16-vllm-unguided",
  "model": "ckpt/student-v4-9b-sft-B-ep2-merged_vllm_vlm_w4a16_shell",
  "mode": "offline",
  "tensor_parallel_size": 1,
  "dtype": "bfloat16",
  "max_model_len": 4096,
  "gpu_memory_utilization": 0.5,
  "enforce_eager": false,
  "n_samples": 287,
  "split": "eval",
  "guided_decoding": false,
  "parsing": {
    "total": 287,
    "valid": 287,
    "valid_rate": 1.0
  },
  "positive_metrics": {
    "teacher": {
      "recall@1": 0.28222996515679444,
      "recall@5": 0.735191637630662,
      "recall@10": 1.0,
      "mrr@10": 0.477281400365024,
      "ndcg@5": 0.5145917724092727,
      "ndcg@10": 0.600256219189437,
      "n_evaluated": 287
    },
    "student": {
      "recall@1": 0.2787456445993031,
      "recall@5": 0.7386759581881533,
      "recall@10": 1.0,
      "mrr@10": 0.4809841822908024,
      "ndcg@5": 0.518538592026021,
      "ndcg@10": 0.6035267001713363,
      "n_evaluated": 287
    }
  },
  "teacher_agreement": {
    "top1_agreement": 0.5609756097560976,
    "kendall_tau_mean": 0.6701509872241561,
    "kendall_tau_valid_n": 287
  },
  "token_distribution": {
    "n": 287,
    "mean": 689.5,
    "stdev": 37.4,
    "min": 589,
    "p50": 688,
    "p95": 756,
    "p99": 788,
    "max": 819
  },
  "position_bias": {
    "n_valid": 287,
    "top1_slot_counts": [
      39,
      23,
      26,
      21,
      31,
      27,
      38,
      24,
      29,
      29
    ],
    "slot1_top1_rate": 0.1359,
    "chi2_uniform": 11.223,
    "chi2_pvalue": null,
    "recall_by_gt_position": [
      0.32,
      0.2759,
      0.2069,
      0.2353,
      0.2963,
      0.2414,
      0.32,
      0.1379,
      0.32,
      0.4286
    ],
    "recall_support": [
      25,
      29,
      29,
      34,
      27,
      29,
      25,
      29,
      25,
      35
    ]
  },
  "generation_time_s": 83.6
}