{
  "tag": "sweep-bf16-mns4",
  "model": "ckpt/student-v4-sft-B-opt-merged_vllm_vlm",
  "mode": "offline",
  "tensor_parallel_size": 1,
  "dtype": "bfloat16",
  "max_model_len": 4096,
  "gpu_memory_utilization": 0.8,
  "enforce_eager": false,
  "n_samples": 287,
  "split": "eval",
  "guided_decoding": false,
  "parsing": {
    "total": 287,
    "valid": 287,
    "valid_rate": 1.0
  },
  "positive_metrics": {
    "teacher": {
      "recall@1": 0.28222996515679444,
      "recall@5": 0.735191637630662,
      "recall@10": 1.0,
      "mrr@10": 0.477281400365024,
      "ndcg@5": 0.5145917724092727,
      "ndcg@10": 0.600256219189437,
      "n_evaluated": 287
    },
    "student": {
      "recall@1": 0.26480836236933797,
      "recall@5": 0.7700348432055749,
      "recall@10": 1.0,
      "mrr@10": 0.48516536695979195,
      "ndcg@5": 0.5328376595008708,
      "ndcg@10": 0.6077061449477749,
      "n_evaluated": 287
    }
  },
  "teacher_agreement": {
    "top1_agreement": 0.5505226480836237,
    "kendall_tau_mean": 0.6737127371273697,
    "kendall_tau_valid_n": 287
  },
  "token_distribution": {
    "n": 287,
    "mean": 688.4,
    "stdev": 32.8,
    "min": 578,
    "p50": 693,
    "p95": 739,
    "p99": 756,
    "max": 772
  },
  "position_bias": {
    "n_valid": 287,
    "top1_slot_counts": [
      45,
      18,
      18,
      27,
      39,
      20,
      31,
      20,
      40,
      29
    ],
    "slot1_top1_rate": 0.1568,
    "chi2_uniform": 30.944,
    "chi2_pvalue": null,
    "recall_by_gt_position": [
      0.28,
      0.2414,
      0.2414,
      0.1765,
      0.3704,
      0.069,
      0.28,
      0.1034,
      0.44,
      0.4571
    ],
    "recall_support": [
      25,
      29,
      29,
      34,
      27,
      29,
      25,
      29,
      25,
      35
    ]
  },
  "generation_time_s": 138.6
}