{
  "tag": "sweep-nf4-mns64",
  "model": "ckpt/student-v4-sft-B-opt-merged_vllm_vlm_nf4_shell",
  "mode": "offline",
  "tensor_parallel_size": 1,
  "dtype": "bfloat16",
  "max_model_len": 4096,
  "gpu_memory_utilization": 0.8,
  "enforce_eager": false,
  "n_samples": 287,
  "split": "eval",
  "guided_decoding": false,
  "parsing": {
    "total": 287,
    "valid": 287,
    "valid_rate": 1.0
  },
  "positive_metrics": {
    "teacher": {
      "recall@1": 0.28222996515679444,
      "recall@5": 0.735191637630662,
      "recall@10": 1.0,
      "mrr@10": 0.477281400365024,
      "ndcg@5": 0.5145917724092727,
      "ndcg@10": 0.600256219189437,
      "n_evaluated": 287
    },
    "student": {
      "recall@1": 0.2508710801393728,
      "recall@5": 0.7526132404181185,
      "recall@10": 1.0,
      "mrr@10": 0.4675626348100212,
      "ndcg@5": 0.5138158858843245,
      "ndcg@10": 0.5938488666304252,
      "n_evaluated": 287
    }
  },
  "teacher_agreement": {
    "top1_agreement": 0.47735191637630664,
    "kendall_tau_mean": 0.6492450638792086,
    "kendall_tau_valid_n": 287
  },
  "token_distribution": {
    "n": 287,
    "mean": 690.3,
    "stdev": 36.1,
    "min": 594,
    "p50": 687,
    "p95": 757,
    "p99": 772,
    "max": 791
  },
  "position_bias": {
    "n_valid": 287,
    "top1_slot_counts": [
      40,
      14,
      18,
      33,
      35,
      29,
      32,
      21,
      37,
      28
    ],
    "slot1_top1_rate": 0.1394,
    "chi2_uniform": 22.861,
    "chi2_pvalue": null,
    "recall_by_gt_position": [
      0.16,
      0.1379,
      0.2069,
      0.2941,
      0.4444,
      0.2069,
      0.28,
      0.1379,
      0.32,
      0.3143
    ],
    "recall_support": [
      25,
      29,
      29,
      34,
      27,
      29,
      25,
      29,
      25,
      35
    ]
  },
  "generation_time_s": 31.7
}