{
  "tag": "v4-sft-B-opt-nf4-vllm-guided",
  "model": "ckpt/student-v4-sft-B-opt-merged_vllm_vlm_nf4_shell",
  "mode": "offline",
  "tensor_parallel_size": 1,
  "dtype": "bfloat16",
  "max_model_len": 4096,
  "gpu_memory_utilization": 0.35,
  "enforce_eager": true,
  "n_samples": 287,
  "split": "eval",
  "guided_decoding": true,
  "parsing": {
    "total": 287,
    "valid": 287,
    "valid_rate": 1.0
  },
  "positive_metrics": {
    "teacher": {
      "recall@1": 0.28222996515679444,
      "recall@5": 0.735191637630662,
      "recall@10": 1.0,
      "mrr@10": 0.477281400365024,
      "ndcg@5": 0.5145917724092727,
      "ndcg@10": 0.600256219189437,
      "n_evaluated": 287
    },
    "student": {
      "recall@1": 0.2264808362369338,
      "recall@5": 0.7212543554006968,
      "recall@10": 1.0,
      "mrr@10": 0.4498161053039102,
      "ndcg@5": 0.48889318495426715,
      "ndcg@10": 0.5800670218373688,
      "n_evaluated": 287
    }
  },
  "teacher_agreement": {
    "top1_agreement": 0.5156794425087108,
    "kendall_tau_mean": 0.6721641502129293,
    "kendall_tau_valid_n": 287
  },
  "token_distribution": {
    "n": 287,
    "mean": 688.2,
    "stdev": 35.7,
    "min": 591,
    "p50": 684,
    "p95": 754,
    "p99": 779,
    "max": 791
  },
  "position_bias": {
    "n_valid": 287,
    "top1_slot_counts": [
      37,
      13,
      21,
      29,
      36,
      26,
      31,
      22,
      44,
      28
    ],
    "slot1_top1_rate": 0.1289,
    "chi2_uniform": 25.091,
    "chi2_pvalue": null,
    "recall_by_gt_position": [
      0.16,
      0.1724,
      0.2414,
      0.1765,
      0.3704,
      0.1034,
      0.24,
      0.1379,
      0.44,
      0.2571
    ],
    "recall_support": [
      25,
      29,
      29,
      34,
      27,
      29,
      25,
      29,
      25,
      35
    ]
  },
  "generation_time_s": 74.4
}