{
  "tag": "v4-gkd-guided-B-vllm-unguided",
  "model": "ckpt/student-v4-gkd-guided-B-merged_vllm_vlm",
  "mode": "offline",
  "tensor_parallel_size": 1,
  "dtype": "bfloat16",
  "max_model_len": 4096,
  "gpu_memory_utilization": 0.35,
  "enforce_eager": false,
  "n_samples": 287,
  "split": "eval",
  "guided_decoding": false,
  "parsing": {
    "total": 287,
    "valid": 273,
    "valid_rate": 0.9512195121951219
  },
  "positive_metrics": {
    "teacher": {
      "recall@1": 0.28222996515679444,
      "recall@5": 0.735191637630662,
      "recall@10": 1,
      "mrr@10": 0.477281400365024,
      "ndcg@5": 0.5145917724092727,
      "ndcg@10": 0.600256219189437,
      "n_evaluated": 287
    },
    "student": {
      "recall@1": 0.2613240418118467,
      "recall@5": 0.710801393728223,
      "recall@10": 0.9512195121951219,
      "mrr@10": 0.4594823295171726,
      "ndcg@5": 0.49747376823633194,
      "ndcg@10": 0.5758545982986645,
      "n_evaluated": 287
    }
  },
  "teacher_agreement": {
    "top1_agreement": 0.5435540069686411,
    "kendall_tau_mean": 0.668376068376067,
    "kendall_tau_valid_n": 273
  },
  "token_distribution": {
    "n": 287,
    "mean": 712.3,
    "stdev": 62.9,
    "min": 610,
    "p50": 701,
    "p95": 781,
    "p99": 1024,
    "max": 1024
  },
  "position_bias": {
    "n_valid": 273,
    "top1_slot_counts": [
      61,
      19,
      22,
      20,
      22,
      28,
      32,
      16,
      26,
      27
    ],
    "slot1_top1_rate": 0.2234,
    "chi2_uniform": 53.703,
    "chi2_pvalue": null,
    "recall_by_gt_position": [
      0.3913,
      0.2414,
      0.3214,
      0.2188,
      0.28,
      0.2069,
      0.32,
      0.1111,
      0.3478,
      0.3438
    ],
    "recall_support": [
      23,
      29,
      28,
      32,
      25,
      29,
      25,
      27,
      23,
      32
    ]
  },
  "generation_time_s": 20.3
}
