{
  "tag": "lat2-9b-w4a16",
  "model": "ckpt/student-v4-9b-sft-B-ep2-merged_vllm_vlm_w4a16_shell",
  "mode": "offline",
  "tensor_parallel_size": 1,
  "dtype": "float16",
  "max_model_len": 4096,
  "gpu_memory_utilization": 0.8,
  "enforce_eager": false,
  "n_samples": 50,
  "split": "eval",
  "guided_decoding": true,
  "parsing": {
    "total": 50,
    "valid": 50,
    "valid_rate": 1.0
  },
  "positive_metrics": {
    "teacher": {
      "recall@1": 0.24,
      "recall@5": 0.62,
      "recall@10": 1.0,
      "mrr@10": 0.41631746031746025,
      "ndcg@5": 0.42798533076002543,
      "ndcg@10": 0.5511548989861867,
      "n_evaluated": 50
    },
    "student": {
      "recall@1": 0.32,
      "recall@5": 0.7,
      "recall@10": 1.0,
      "mrr@10": 0.4951904761904761,
      "ndcg@5": 0.5156289773849261,
      "ndcg@10": 0.6127779456978077,
      "n_evaluated": 50
    }
  },
  "teacher_agreement": {
    "top1_agreement": 0.58,
    "kendall_tau_mean": 0.6782222222222226,
    "kendall_tau_valid_n": 50
  },
  "token_distribution": {
    "n": 50,
    "mean": 690.4,
    "stdev": 32.7,
    "min": 626,
    "p50": 686,
    "p95": 748,
    "p99": 789,
    "max": 789
  },
  "position_bias": {
    "n_valid": 50,
    "top1_slot_counts": [
      7,
      3,
      5,
      8,
      5,
      2,
      11,
      3,
      3,
      3
    ],
    "slot1_top1_rate": 0.14,
    "chi2_uniform": 14.8,
    "chi2_pvalue": null,
    "recall_by_gt_position": [
      0.6,
      0.2857,
      0.1429,
      0.4286,
      0.5,
      0.5,
      0.5,
      0.125,
      0.0,
      0.3333
    ],
    "recall_support": [
      5,
      7,
      7,
      7,
      2,
      4,
      4,
      8,
      3,
      3
    ]
  },
  "generation_time_s": 211.7
}