{
  "tag": "lat2-cpu-q4km",
  "model_name": "student-q4-k-m",
  "gguf": "ckpt/student-v4-sft-B-opt-gguf-q4km/student-q4-k-m.gguf",
  "n_samples": 50,
  "split": "eval",
  "guided_decoding": false,
  "enable_thinking": false,
  "ctx_size": 4096,
  "n_gpu_layers": 0,
  "parsing": {
    "total": 50,
    "valid": 50,
    "valid_rate": 1.0
  },
  "positive_metrics": {
    "teacher": {
      "recall@1": 0.24,
      "recall@5": 0.62,
      "recall@10": 1.0,
      "mrr@10": 0.41631746031746025,
      "ndcg@5": 0.42798533076002543,
      "ndcg@10": 0.5511548989861867,
      "n_evaluated": 50
    },
    "student": {
      "recall@1": 0.24,
      "recall@5": 0.7,
      "recall@10": 1.0,
      "mrr@10": 0.42738095238095236,
      "ndcg@5": 0.46505805047732623,
      "ndcg@10": 0.5606935396960003,
      "n_evaluated": 50
    }
  },
  "teacher_agreement": {
    "top1_agreement": 0.66,
    "kendall_tau_mean": 0.6613333333333336,
    "kendall_tau_valid_n": 50
  },
  "token_distribution": {
    "n": 50,
    "mean": 690.8,
    "stdev": 37.6,
    "min": 618,
    "p50": 683,
    "p95": 750,
    "p99": 768,
    "max": 768
  },
  "position_bias": {
    "n_valid": 50,
    "top1_slot_counts": [
      6,
      3,
      3,
      6,
      8,
      5,
      12,
      4,
      2,
      1
    ],
    "slot1_top1_rate": 0.12,
    "chi2_uniform": 18.8,
    "chi2_pvalue": 0.026948,
    "recall_by_gt_position": [
      0.6,
      0.1429,
      0.0,
      0.1429,
      0.5,
      0.5,
      0.5,
      0.125,
      0.0,
      0.3333
    ],
    "recall_support": [
      5,
      7,
      7,
      7,
      2,
      4,
      4,
      8,
      3,
      3
    ]
  },
  "generation_time_s": 1940.0
}