{
  "tag": "lat2-9b-w8a16",
  "model": "ckpt/student-v4-9b-sft-B-ep2-w8a16_vllm_vlm_shell",
  "mode": "offline",
  "tensor_parallel_size": 1,
  "dtype": "float16",
  "max_model_len": 4096,
  "gpu_memory_utilization": 0.8,
  "enforce_eager": false,
  "n_samples": 50,
  "split": "eval",
  "guided_decoding": true,
  "parsing": {
    "total": 50,
    "valid": 50,
    "valid_rate": 1.0
  },
  "positive_metrics": {
    "teacher": {
      "recall@1": 0.24,
      "recall@5": 0.62,
      "recall@10": 1.0,
      "mrr@10": 0.41631746031746025,
      "ndcg@5": 0.42798533076002543,
      "ndcg@10": 0.5511548989861867,
      "n_evaluated": 50
    },
    "student": {
      "recall@1": 0.28,
      "recall@5": 0.66,
      "recall@10": 1.0,
      "mrr@10": 0.4702380952380952,
      "ndcg@5": 0.4815882999389264,
      "ndcg@10": 0.593700293998033,
      "n_evaluated": 50
    }
  },
  "teacher_agreement": {
    "top1_agreement": 0.56,
    "kendall_tau_mean": 0.6933333333333336,
    "kendall_tau_valid_n": 50
  },
  "token_distribution": {
    "n": 50,
    "mean": 673.7,
    "stdev": 30.8,
    "min": 585,
    "p50": 678,
    "p95": 720,
    "p99": 722,
    "max": 722
  },
  "position_bias": {
    "n_valid": 50,
    "top1_slot_counts": [
      7,
      2,
      5,
      6,
      7,
      3,
      8,
      5,
      4,
      3
    ],
    "slot1_top1_rate": 0.14,
    "chi2_uniform": 7.2,
    "chi2_pvalue": null,
    "recall_by_gt_position": [
      0.4,
      0.1429,
      0.2857,
      0.2857,
      0.5,
      0.5,
      0.25,
      0.25,
      0.0,
      0.3333
    ],
    "recall_support": [
      5,
      7,
      7,
      7,
      2,
      4,
      4,
      8,
      3,
      3
    ]
  },
  "generation_time_s": 282.8
}