{
  "tag": "v4-9b-sft-B-ep2-fp8dyn-vllm-guided",
  "model": "ckpt/student-v4-9b-sft-B-ep2-fp8-dynamic_vllm_vlm_shell",
  "mode": "offline",
  "tensor_parallel_size": 1,
  "dtype": "bfloat16",
  "max_model_len": 4096,
  "gpu_memory_utilization": 0.8,
  "enforce_eager": false,
  "n_samples": 287,
  "split": "eval",
  "guided_decoding": true,
  "parsing": {
    "total": 287,
    "valid": 287,
    "valid_rate": 1.0
  },
  "positive_metrics": {
    "teacher": {
      "recall@1": 0.28222996515679444,
      "recall@5": 0.735191637630662,
      "recall@10": 1.0,
      "mrr@10": 0.477281400365024,
      "ndcg@5": 0.5145917724092727,
      "ndcg@10": 0.600256219189437,
      "n_evaluated": 287
    },
    "student": {
      "recall@1": 0.2613240418118467,
      "recall@5": 0.7560975609756098,
      "recall@10": 1.0,
      "mrr@10": 0.47369061445716487,
      "ndcg@5": 0.5190298644444731,
      "ndcg@10": 0.5985006245502742,
      "n_evaluated": 287
    }
  },
  "teacher_agreement": {
    "top1_agreement": 0.5365853658536586,
    "kendall_tau_mean": 0.6689121176926043,
    "kendall_tau_valid_n": 287
  },
  "token_distribution": {
    "n": 287,
    "mean": 688.3,
    "stdev": 36.0,
    "min": 572,
    "p50": 687,
    "p95": 748,
    "p99": 774,
    "max": 788
  },
  "position_bias": {
    "n_valid": 287,
    "top1_slot_counts": [
      41,
      21,
      23,
      22,
      29,
      26,
      33,
      27,
      32,
      33
    ],
    "slot1_top1_rate": 0.1429,
    "chi2_uniform": 12.059,
    "chi2_pvalue": null,
    "recall_by_gt_position": [
      0.36,
      0.1034,
      0.2414,
      0.2353,
      0.3704,
      0.1724,
      0.2,
      0.1379,
      0.4,
      0.4
    ],
    "recall_support": [
      25,
      29,
      29,
      34,
      27,
      29,
      25,
      29,
      25,
      35
    ]
  },
  "generation_time_s": 66.0
}