{
  "tag": "sweep-fp8dyn-mns64",
  "model": "ckpt/student-v4-sft-B-opt-fp8-dynamic_vllm_vlm_shell",
  "mode": "offline",
  "tensor_parallel_size": 1,
  "dtype": "bfloat16",
  "max_model_len": 4096,
  "gpu_memory_utilization": 0.8,
  "enforce_eager": false,
  "n_samples": 287,
  "split": "eval",
  "guided_decoding": false,
  "parsing": {
    "total": 287,
    "valid": 287,
    "valid_rate": 1.0
  },
  "positive_metrics": {
    "teacher": {
      "recall@1": 0.28222996515679444,
      "recall@5": 0.735191637630662,
      "recall@10": 1.0,
      "mrr@10": 0.477281400365024,
      "ndcg@5": 0.5145917724092727,
      "ndcg@10": 0.600256219189437,
      "n_evaluated": 287
    },
    "student": {
      "recall@1": 0.24041811846689895,
      "recall@5": 0.7386759581881533,
      "recall@10": 1.0,
      "mrr@10": 0.4560519329683091,
      "ndcg@5": 0.5004111517080939,
      "ndcg@10": 0.584605114368721,
      "n_evaluated": 287
    }
  },
  "teacher_agreement": {
    "top1_agreement": 0.5121951219512195,
    "kendall_tau_mean": 0.6653503677893908,
    "kendall_tau_valid_n": 287
  },
  "token_distribution": {
    "n": 287,
    "mean": 689.8,
    "stdev": 33.9,
    "min": 596,
    "p50": 687,
    "p95": 744,
    "p99": 758,
    "max": 792
  },
  "position_bias": {
    "n_valid": 287,
    "top1_slot_counts": [
      41,
      16,
      20,
      28,
      42,
      20,
      33,
      26,
      35,
      26
    ],
    "slot1_top1_rate": 0.1429,
    "chi2_uniform": 24.882,
    "chi2_pvalue": null,
    "recall_by_gt_position": [
      0.32,
      0.1034,
      0.2759,
      0.2059,
      0.4444,
      0.0345,
      0.24,
      0.2414,
      0.36,
      0.2286
    ],
    "recall_support": [
      25,
      29,
      29,
      34,
      27,
      29,
      25,
      29,
      25,
      35
    ]
  },
  "generation_time_s": 25.1
}