{
  "tag": "v4-9b-sft-B-ep2-fp8dyn-vllm-unguided",
  "model": "ckpt/student-v4-9b-sft-B-ep2-fp8-dynamic_vllm_vlm_shell",
  "mode": "offline",
  "tensor_parallel_size": 1,
  "dtype": "bfloat16",
  "max_model_len": 4096,
  "gpu_memory_utilization": 0.8,
  "enforce_eager": false,
  "n_samples": 287,
  "split": "eval",
  "guided_decoding": false,
  "parsing": {
    "total": 287,
    "valid": 286,
    "valid_rate": 0.9965156794425087
  },
  "positive_metrics": {
    "teacher": {
      "recall@1": 0.28222996515679444,
      "recall@5": 0.735191637630662,
      "recall@10": 1,
      "mrr@10": 0.477281400365024,
      "ndcg@5": 0.5145917724092727,
      "ndcg@10": 0.600256219189437,
      "n_evaluated": 287
    },
    "student": {
      "recall@1": 0.2682926829268293,
      "recall@5": 0.7491289198606271,
      "recall@10": 0.9965156794425087,
      "mrr@10": 0.4752640893755876,
      "ndcg@5": 0.5179647659846065,
      "ndcg@10": 0.5986981103779334,
      "n_evaluated": 287
    }
  },
  "teacher_agreement": {
    "top1_agreement": 0.5400696864111498,
    "kendall_tau_mean": 0.6694638694638683,
    "kendall_tau_valid_n": 286
  },
  "token_distribution": {
    "n": 287,
    "mean": 689.2,
    "stdev": 36.5,
    "min": 572,
    "p50": 686,
    "p95": 748,
    "p99": 775,
    "max": 788
  },
  "position_bias": {
    "n_valid": 286,
    "top1_slot_counts": [
      45,
      23,
      25,
      23,
      25,
      26,
      31,
      26,
      29,
      33
    ],
    "slot1_top1_rate": 0.1573,
    "chi2_uniform": 13.86,
    "chi2_pvalue": null,
    "recall_by_gt_position": [
      0.4,
      0.1724,
      0.2759,
      0.2647,
      0.2963,
      0.1786,
      0.16,
      0.1034,
      0.4,
      0.4286
    ],
    "recall_support": [
      25,
      29,
      29,
      34,
      27,
      28,
      25,
      29,
      25,
      35
    ]
  },
  "generation_time_s": 59.1
}
