{
  "tag": "v4-sft-B-opt-vllm-guided",
  "model": "ckpt/student-v4-sft-B-opt-merged_vllm_vlm",
  "mode": "offline",
  "tensor_parallel_size": 1,
  "dtype": "bfloat16",
  "max_model_len": 4096,
  "gpu_memory_utilization": 0.35,
  "enforce_eager": false,
  "n_samples": 287,
  "split": "eval",
  "guided_decoding": true,
  "parsing": {
    "total": 287,
    "valid": 287,
    "valid_rate": 1.0
  },
  "positive_metrics": {
    "teacher": {
      "recall@1": 0.28222996515679444,
      "recall@5": 0.735191637630662,
      "recall@10": 1.0,
      "mrr@10": 0.477281400365024,
      "n_evaluated": 287
    },
    "student": {
      "recall@1": 0.27526132404181186,
      "recall@5": 0.7804878048780488,
      "recall@10": 1.0,
      "mrr@10": 0.4862396991316852,
      "n_evaluated": 287,
      "ndcg@5": 0.5377706107093082,
      "ndcg@10": 0.608156916919395
    }
  },
  "teacher_agreement": {
    "top1_agreement": 0.5365853658536586,
    "kendall_tau_mean": 0.674796747967478,
    "kendall_tau_valid_n": 287
  },
  "token_distribution": {
    "n": 287,
    "mean": 688.0,
    "stdev": 34.7,
    "min": 591,
    "p50": 690,
    "p95": 739,
    "p99": 769,
    "max": 810
  },
  "position_bias": {
    "n_valid": 287,
    "top1_slot_counts": [
      41,
      19,
      20,
      28,
      39,
      14,
      31,
      18,
      42,
      35
    ],
    "slot1_top1_rate": 0.1429,
    "chi2_uniform": 34.15,
    "chi2_pvalue": null,
    "recall_by_gt_position": [
      0.32,
      0.2759,
      0.2069,
      0.2647,
      0.3704,
      0.069,
      0.28,
      0.069,
      0.44,
      0.4571
    ],
    "recall_support": [
      25,
      29,
      29,
      34,
      27,
      29,
      25,
      29,
      25,
      35
    ]
  },
  "generation_time_s": 35.4
}