{
  "tag": "lat2-9b-bf16",
  "model": "ckpt/student-v4-9b-sft-B-ep2-merged_vllm_vlm",
  "mode": "offline",
  "tensor_parallel_size": 1,
  "dtype": "bfloat16",
  "max_model_len": 4096,
  "gpu_memory_utilization": 0.8,
  "enforce_eager": false,
  "n_samples": 50,
  "split": "eval",
  "guided_decoding": true,
  "parsing": {
    "total": 50,
    "valid": 50,
    "valid_rate": 1.0
  },
  "positive_metrics": {
    "teacher": {
      "recall@1": 0.24,
      "recall@5": 0.62,
      "recall@10": 1.0,
      "mrr@10": 0.41631746031746025,
      "ndcg@5": 0.42798533076002543,
      "ndcg@10": 0.5511548989861867,
      "n_evaluated": 50
    },
    "student": {
      "recall@1": 0.28,
      "recall@5": 0.6,
      "recall@10": 1.0,
      "mrr@10": 0.4353253968253968,
      "ndcg@5": 0.4327481406171671,
      "ndcg@10": 0.5653490481877923,
      "n_evaluated": 50
    }
  },
  "teacher_agreement": {
    "top1_agreement": 0.52,
    "kendall_tau_mean": 0.6862222222222225,
    "kendall_tau_valid_n": 50
  },
  "token_distribution": {
    "n": 50,
    "mean": 681.7,
    "stdev": 32.5,
    "min": 606,
    "p50": 684,
    "p95": 735,
    "p99": 747,
    "max": 747
  },
  "position_bias": {
    "n_valid": 50,
    "top1_slot_counts": [
      7,
      2,
      6,
      5,
      5,
      3,
      11,
      5,
      4,
      2
    ],
    "slot1_top1_rate": 0.14,
    "chi2_uniform": 12.8,
    "chi2_pvalue": null,
    "recall_by_gt_position": [
      0.4,
      0.1429,
      0.1429,
      0.4286,
      0.5,
      0.5,
      0.5,
      0.125,
      0.0,
      0.3333
    ],
    "recall_support": [
      5,
      7,
      7,
      7,
      2,
      4,
      4,
      8,
      3,
      3
    ]
  },
  "generation_time_s": 417.2
}