{
  "tag": "sweep-w4a16-fp16-mns1",
  "model": "ckpt/student-v4-sft-B-opt-merged_vllm_vlm_w4a16_shell",
  "mode": "offline",
  "tensor_parallel_size": 1,
  "dtype": "float16",
  "max_model_len": 4096,
  "gpu_memory_utilization": 0.8,
  "enforce_eager": false,
  "n_samples": 287,
  "split": "eval",
  "guided_decoding": false,
  "parsing": {
    "total": 287,
    "valid": 287,
    "valid_rate": 1.0
  },
  "positive_metrics": {
    "teacher": {
      "recall@1": 0.28222996515679444,
      "recall@5": 0.735191637630662,
      "recall@10": 1.0,
      "mrr@10": 0.477281400365024,
      "ndcg@5": 0.5145917724092727,
      "ndcg@10": 0.600256219189437,
      "n_evaluated": 287
    },
    "student": {
      "recall@1": 0.27177700348432055,
      "recall@5": 0.7456445993031359,
      "recall@10": 1.0,
      "mrr@10": 0.4815151263757535,
      "ndcg@5": 0.5223946757889967,
      "ndcg@10": 0.6040803127241227,
      "n_evaluated": 287
    }
  },
  "teacher_agreement": {
    "top1_agreement": 0.5121951219512195,
    "kendall_tau_mean": 0.6639566395663946,
    "kendall_tau_valid_n": 287
  },
  "token_distribution": {
    "n": 287,
    "mean": 685.0,
    "stdev": 36.1,
    "min": 587,
    "p50": 682,
    "p95": 746,
    "p99": 768,
    "max": 794
  },
  "position_bias": {
    "n_valid": 287,
    "top1_slot_counts": [
      37,
      15,
      21,
      29,
      33,
      26,
      36,
      22,
      35,
      33
    ],
    "slot1_top1_rate": 0.1289,
    "chi2_uniform": 17.355,
    "chi2_pvalue": null,
    "recall_by_gt_position": [
      0.28,
      0.1379,
      0.2414,
      0.2941,
      0.3333,
      0.2069,
      0.32,
      0.1379,
      0.32,
      0.4286
    ],
    "recall_support": [
      25,
      29,
      29,
      34,
      27,
      29,
      25,
      29,
      25,
      35
    ]
  },
  "generation_time_s": 499.0
}