{
  "tag": "sweep-9b-w4a16-fp16-mns256",
  "model": "ckpt/student-v4-9b-sft-B-ep2-merged_vllm_vlm_w4a16_shell",
  "mode": "offline",
  "tensor_parallel_size": 1,
  "dtype": "float16",
  "max_model_len": 4096,
  "gpu_memory_utilization": 0.8,
  "enforce_eager": false,
  "n_samples": 287,
  "split": "eval",
  "guided_decoding": false,
  "parsing": {
    "total": 287,
    "valid": 287,
    "valid_rate": 1.0
  },
  "positive_metrics": {
    "teacher": {
      "recall@1": 0.28222996515679444,
      "recall@5": 0.735191637630662,
      "recall@10": 1.0,
      "mrr@10": 0.477281400365024,
      "ndcg@5": 0.5145917724092727,
      "ndcg@10": 0.600256219189437,
      "n_evaluated": 287
    },
    "student": {
      "recall@1": 0.2787456445993031,
      "recall@5": 0.7456445993031359,
      "recall@10": 1.0,
      "mrr@10": 0.4804463248714117,
      "ndcg@5": 0.5205060216106868,
      "ndcg@10": 0.6029907281658953,
      "n_evaluated": 287
    }
  },
  "teacher_agreement": {
    "top1_agreement": 0.5400696864111498,
    "kendall_tau_mean": 0.6645760743321705,
    "kendall_tau_valid_n": 287
  },
  "token_distribution": {
    "n": 287,
    "mean": 685.2,
    "stdev": 32.4,
    "min": 611,
    "p50": 685,
    "p95": 748,
    "p99": 773,
    "max": 792
  },
  "position_bias": {
    "n_valid": 287,
    "top1_slot_counts": [
      44,
      18,
      25,
      23,
      28,
      29,
      40,
      19,
      32,
      29
    ],
    "slot1_top1_rate": 0.1533,
    "chi2_uniform": 21.885,
    "chi2_pvalue": null,
    "recall_by_gt_position": [
      0.36,
      0.1379,
      0.2414,
      0.2353,
      0.2963,
      0.2414,
      0.28,
      0.1724,
      0.36,
      0.4571
    ],
    "recall_support": [
      25,
      29,
      29,
      34,
      27,
      29,
      25,
      29,
      25,
      35
    ]
  },
  "generation_time_s": 77.2
}