{
  "tag": "sweep-9b-fp8dyn-mns16",
  "model": "ckpt/student-v4-9b-sft-B-ep2-fp8-dynamic_vllm_vlm_shell",
  "mode": "offline",
  "tensor_parallel_size": 1,
  "dtype": "bfloat16",
  "max_model_len": 4096,
  "gpu_memory_utilization": 0.8,
  "enforce_eager": false,
  "n_samples": 287,
  "split": "eval",
  "guided_decoding": false,
  "parsing": {
    "total": 287,
    "valid": 287,
    "valid_rate": 1.0
  },
  "positive_metrics": {
    "teacher": {
      "recall@1": 0.28222996515679444,
      "recall@5": 0.735191637630662,
      "recall@10": 1.0,
      "mrr@10": 0.477281400365024,
      "ndcg@5": 0.5145917724092727,
      "ndcg@10": 0.600256219189437,
      "n_evaluated": 287
    },
    "student": {
      "recall@1": 0.2682926829268293,
      "recall@5": 0.7386759581881533,
      "recall@10": 1.0,
      "mrr@10": 0.47022012056855245,
      "ndcg@5": 0.5096937990088171,
      "ndcg@10": 0.5952912048438865,
      "n_evaluated": 287
    }
  },
  "teacher_agreement": {
    "top1_agreement": 0.5365853658536586,
    "kendall_tau_mean": 0.6797522260936885,
    "kendall_tau_valid_n": 287
  },
  "token_distribution": {
    "n": 287,
    "mean": 687.9,
    "stdev": 36.0,
    "min": 601,
    "p50": 685,
    "p95": 750,
    "p99": 784,
    "max": 805
  },
  "position_bias": {
    "n_valid": 287,
    "top1_slot_counts": [
      36,
      24,
      29,
      26,
      25,
      24,
      34,
      25,
      31,
      33
    ],
    "slot1_top1_rate": 0.1254,
    "chi2_uniform": 6.415,
    "chi2_pvalue": null,
    "recall_by_gt_position": [
      0.32,
      0.1724,
      0.3103,
      0.2353,
      0.3333,
      0.1034,
      0.28,
      0.2069,
      0.32,
      0.4
    ],
    "recall_support": [
      25,
      29,
      29,
      34,
      27,
      29,
      25,
      29,
      25,
      35
    ]
  },
  "generation_time_s": 156.3
}