{
  "tag": "sweep-9b-w8a16-mns16",
  "model": "ckpt/student-v4-9b-sft-B-ep2-w8a16_vllm_vlm_shell",
  "mode": "offline",
  "tensor_parallel_size": 1,
  "dtype": "float16",
  "max_model_len": 4096,
  "gpu_memory_utilization": 0.8,
  "enforce_eager": false,
  "n_samples": 287,
  "split": "eval",
  "guided_decoding": false,
  "parsing": {
    "total": 287,
    "valid": 287,
    "valid_rate": 1.0
  },
  "positive_metrics": {
    "teacher": {
      "recall@1": 0.28222996515679444,
      "recall@5": 0.735191637630662,
      "recall@10": 1.0,
      "mrr@10": 0.477281400365024,
      "ndcg@5": 0.5145917724092727,
      "ndcg@10": 0.600256219189437,
      "n_evaluated": 287
    },
    "student": {
      "recall@1": 0.2613240418118467,
      "recall@5": 0.7526132404181185,
      "recall@10": 1.0,
      "mrr@10": 0.47305182235495813,
      "ndcg@5": 0.5175374314903585,
      "ndcg@10": 0.5977976380101458,
      "n_evaluated": 287
    }
  },
  "teacher_agreement": {
    "top1_agreement": 0.5296167247386759,
    "kendall_tau_mean": 0.6806813782423524,
    "kendall_tau_valid_n": 287
  },
  "token_distribution": {
    "n": 287,
    "mean": 680.5,
    "stdev": 35.4,
    "min": 578,
    "p50": 680,
    "p95": 742,
    "p99": 763,
    "max": 783
  },
  "position_bias": {
    "n_valid": 287,
    "top1_slot_counts": [
      47,
      19,
      22,
      25,
      29,
      24,
      35,
      22,
      32,
      32
    ],
    "slot1_top1_rate": 0.1638,
    "chi2_uniform": 21.467,
    "chi2_pvalue": null,
    "recall_by_gt_position": [
      0.32,
      0.1379,
      0.1724,
      0.2647,
      0.3333,
      0.1724,
      0.24,
      0.1724,
      0.4,
      0.4
    ],
    "recall_support": [
      25,
      29,
      29,
      34,
      27,
      29,
      25,
      29,
      25,
      35
    ]
  },
  "generation_time_s": 162.2
}