{
  "tag": "v4-9b-sft-B-w4a16",
  "split": "eval",
  "n_samples": 287,
  "model": "ckpt/student-v4-9b-sft-B-w4a16",
  "positive_metrics": {
    "teacher": {
      "recall@1": 0.28222996515679444,
      "recall@5": 0.735191637630662,
      "recall@10": 1.0,
      "mrr@10": 0.477281400365024,
      "n_evaluated": 287
    },
    "student": {
      "recall@1": 0.2682926829268293,
      "recall@5": 0.7386759581881533,
      "recall@10": 1.0,
      "mrr@10": 0.47884519661523134,
      "n_evaluated": 287
    }
  },
  "parsing": {
    "total": 287,
    "valid": 287,
    "valid_rate": 1.0
  },
  "teacher_agreement": {
    "top1_agreement": 0.5644599303135889,
    "kendall_tau_mean": 0.6826945412311246,
    "kendall_tau_valid_n": 287
  }
}