{
  "tag": "v4-9b-sft-B-gguf-q4km",
  "split": "eval",
  "n_samples": 287,
  "model": "ckpt/student-v4-9b-sft-B-gguf-q4km/student-q4-k-m.gguf",
  "positive_metrics": {
    "teacher": {
      "recall@1": 0.28222996515679444,
      "recall@5": 0.735191637630662,
      "recall@10": 1.0,
      "mrr@10": 0.477281400365024,
      "n_evaluated": 287
    },
    "student": {
      "recall@1": 0.11498257839721254,
      "recall@5": 0.2961672473867596,
      "recall@10": 0.3693379790940767,
      "mrr@10": 0.18804546208727402,
      "n_evaluated": 287
    }
  },
  "parsing": {
    "total": 287,
    "valid": 106,
    "valid_rate": 0.3693379790940767
  },
  "teacher_agreement": {
    "top1_agreement": 0.15331010452961671,
    "kendall_tau_mean": 0.6071278825995815,
    "kendall_tau_valid_n": 106
  }
}