{
  "tag": "v4-9b-sft-B",
  "split": "eval",
  "n_samples": 287,
  "model": "ckpt/student-v4-9b-sft-B-merged",
  "positive_metrics": {
    "teacher": {
      "recall@1": 0.28222996515679444,
      "recall@5": 0.735191637630662,
      "recall@10": 1.0,
      "mrr@10": 0.477281400365024,
      "n_evaluated": 287
    },
    "student": {
      "recall@1": 0.2508710801393728,
      "recall@5": 0.7421602787456446,
      "recall@10": 1.0,
      "mrr@10": 0.45983076157292163,
      "n_evaluated": 287
    }
  },
  "parsing": {
    "total": 287,
    "valid": 287,
    "valid_rate": 1.0
  },
  "teacher_agreement": {
    "top1_agreement": 0.5261324041811847,
    "kendall_tau_mean": 0.6659698025551672,
    "kendall_tau_valid_n": 287
  }
}