{
  "tag": "sweep-bf16-mns1",
  "model": "ckpt/student-v4-sft-B-opt-merged_vllm_vlm",
  "mode": "offline",
  "tensor_parallel_size": 1,
  "dtype": "bfloat16",
  "max_model_len": 4096,
  "gpu_memory_utilization": 0.8,
  "enforce_eager": false,
  "n_samples": 287,
  "split": "eval",
  "guided_decoding": false,
  "parsing": {
    "total": 287,
    "valid": 287,
    "valid_rate": 1.0
  },
  "positive_metrics": {
    "teacher": {
      "recall@1": 0.28222996515679444,
      "recall@5": 0.735191637630662,
      "recall@10": 1.0,
      "mrr@10": 0.477281400365024,
      "ndcg@5": 0.5145917724092727,
      "ndcg@10": 0.600256219189437,
      "n_evaluated": 287
    },
    "student": {
      "recall@1": 0.2682926829268293,
      "recall@5": 0.7735191637630662,
      "recall@10": 1.0,
      "mrr@10": 0.4868204192246004,
      "ndcg@5": 0.5349903343048951,
      "ndcg@10": 0.6090534957403888,
      "n_evaluated": 287
    }
  },
  "teacher_agreement": {
    "top1_agreement": 0.5400696864111498,
    "kendall_tau_mean": 0.6729384436701495,
    "kendall_tau_valid_n": 287
  },
  "token_distribution": {
    "n": 287,
    "mean": 687.9,
    "stdev": 32.5,
    "min": 597,
    "p50": 688,
    "p95": 741,
    "p99": 755,
    "max": 771
  },
  "position_bias": {
    "n_valid": 287,
    "top1_slot_counts": [
      46,
      19,
      15,
      26,
      42,
      16,
      35,
      19,
      39,
      30
    ],
    "slot1_top1_rate": 0.1603,
    "chi2_uniform": 40.7,
    "chi2_pvalue": null,
    "recall_by_gt_position": [
      0.28,
      0.2759,
      0.1724,
      0.2059,
      0.4444,
      0.069,
      0.28,
      0.1379,
      0.4,
      0.4286
    ],
    "recall_support": [
      25,
      29,
      29,
      34,
      27,
      29,
      25,
      29,
      25,
      35
    ]
  },
  "generation_time_s": 463.1
}