{
  "tag": "v4-sft-B-opt-fp8dyn-vllm-unguided",
  "model": "ckpt/student-v4-sft-B-opt-fp8-dynamic_vllm_vlm_shell",
  "mode": "offline",
  "tensor_parallel_size": 1,
  "dtype": "bfloat16",
  "max_model_len": 4096,
  "gpu_memory_utilization": 0.35,
  "enforce_eager": false,
  "n_samples": 287,
  "split": "eval",
  "guided_decoding": false,
  "parsing": {
    "total": 287,
    "valid": 287,
    "valid_rate": 1.0
  },
  "positive_metrics": {
    "teacher": {
      "recall@1": 0.28222996515679444,
      "recall@5": 0.735191637630662,
      "recall@10": 1.0,
      "mrr@10": 0.477281400365024,
      "ndcg@5": 0.5145917724092727,
      "ndcg@10": 0.600256219189437,
      "n_evaluated": 287
    },
    "student": {
      "recall@1": 0.2613240418118467,
      "recall@5": 0.7665505226480837,
      "recall@10": 1.0,
      "mrr@10": 0.47749571373264743,
      "ndcg@5": 0.5258358316029017,
      "ndcg@10": 0.6015003432589705,
      "n_evaluated": 287
    }
  },
  "teacher_agreement": {
    "top1_agreement": 0.5017421602787456,
    "kendall_tau_mean": 0.6568331397599676,
    "kendall_tau_valid_n": 287
  },
  "token_distribution": {
    "n": 287,
    "mean": 689.4,
    "stdev": 38.1,
    "min": 578,
    "p50": 685,
    "p95": 755,
    "p99": 784,
    "max": 835
  },
  "position_bias": {
    "n_valid": 287,
    "top1_slot_counts": [
      47,
      18,
      17,
      27,
      36,
      25,
      38,
      18,
      32,
      29
    ],
    "slot1_top1_rate": 0.1638,
    "chi2_uniform": 30.247,
    "chi2_pvalue": null,
    "recall_by_gt_position": [
      0.36,
      0.2069,
      0.1724,
      0.2353,
      0.4444,
      0.1379,
      0.2,
      0.069,
      0.4,
      0.4
    ],
    "recall_support": [
      25,
      29,
      29,
      34,
      27,
      29,
      25,
      29,
      25,
      35
    ]
  },
  "generation_time_s": 18.4
}