{
  "tag": "sweep-9b-fp8dyn-mns64",
  "model": "ckpt/student-v4-9b-sft-B-ep2-fp8-dynamic_vllm_vlm_shell",
  "mode": "offline",
  "tensor_parallel_size": 1,
  "dtype": "bfloat16",
  "max_model_len": 4096,
  "gpu_memory_utilization": 0.8,
  "enforce_eager": false,
  "n_samples": 287,
  "split": "eval",
  "guided_decoding": false,
  "parsing": {
    "total": 287,
    "valid": 287,
    "valid_rate": 1.0
  },
  "positive_metrics": {
    "teacher": {
      "recall@1": 0.28222996515679444,
      "recall@5": 0.735191637630662,
      "recall@10": 1.0,
      "mrr@10": 0.477281400365024,
      "ndcg@5": 0.5145917724092727,
      "ndcg@10": 0.600256219189437,
      "n_evaluated": 287
    },
    "student": {
      "recall@1": 0.26480836236933797,
      "recall@5": 0.7456445993031359,
      "recall@10": 1.0,
      "mrr@10": 0.4728292129860073,
      "ndcg@5": 0.5141538247472397,
      "ndcg@10": 0.5977745281799592,
      "n_evaluated": 287
    }
  },
  "teacher_agreement": {
    "top1_agreement": 0.5261324041811847,
    "kendall_tau_mean": 0.6741773132017024,
    "kendall_tau_valid_n": 287
  },
  "token_distribution": {
    "n": 287,
    "mean": 688.8,
    "stdev": 39.3,
    "min": 592,
    "p50": 687,
    "p95": 758,
    "p99": 789,
    "max": 795
  },
  "position_bias": {
    "n_valid": 287,
    "top1_slot_counts": [
      45,
      20,
      29,
      26,
      28,
      26,
      33,
      25,
      33,
      22
    ],
    "slot1_top1_rate": 0.1568,
    "chi2_uniform": 15.753,
    "chi2_pvalue": null,
    "recall_by_gt_position": [
      0.32,
      0.1379,
      0.2414,
      0.2353,
      0.3704,
      0.2069,
      0.28,
      0.1379,
      0.48,
      0.2857
    ],
    "recall_support": [
      25,
      29,
      29,
      34,
      27,
      29,
      25,
      29,
      25,
      35
    ]
  },
  "generation_time_s": 81.0
}