{
  "tag": "v3-sft",
  "split": "eval",
  "n_samples": 287,
  "model": "ckpt/student-v3-sft-merged",
  "positive_metrics": {
    "teacher": {
      "recall@1": 0.27526132404181186,
      "recall@5": 0.7665505226480837,
      "recall@10": 1.0,
      "mrr@10": 0.4808472982689012,
      "n_evaluated": 287
    },
    "student": {
      "recall@1": 0.2682926829268293,
      "recall@5": 0.759581881533101,
      "recall@10": 1.0,
      "mrr@10": 0.4885432221669156,
      "n_evaluated": 287
    }
  },
  "parsing": {
    "total": 287,
    "valid": 287,
    "valid_rate": 1.0
  },
  "teacher_agreement": {
    "top1_agreement": 0.554006968641115,
    "kendall_tau_mean": 0.6754161827332543,
    "kendall_tau_valid_n": 287
  }
}