{
  "tag": "sweep-9b-nf4-mns1",
  "model": "ckpt/student-v4-9b-sft-B-ep2-merged_vllm_vlm_nf4_shell",
  "mode": "offline",
  "tensor_parallel_size": 1,
  "dtype": "bfloat16",
  "max_model_len": 4096,
  "gpu_memory_utilization": 0.8,
  "enforce_eager": false,
  "n_samples": 287,
  "split": "eval",
  "guided_decoding": false,
  "parsing": {
    "total": 287,
    "valid": 285,
    "valid_rate": 0.9930313588850174
  },
  "positive_metrics": {
    "teacher": {
      "recall@1": 0.28222996515679444,
      "recall@5": 0.735191637630662,
      "recall@10": 1,
      "mrr@10": 0.477281400365024,
      "ndcg@5": 0.5145917724092727,
      "ndcg@10": 0.600256219189437,
      "n_evaluated": 287
    },
    "student": {
      "recall@1": 0.2578397212543554,
      "recall@5": 0.7038327526132404,
      "recall@10": 0.9930313588850174,
      "mrr@10": 0.4521472816768984,
      "ndcg@5": 0.4854475223380561,
      "ndcg@10": 0.5788568049954356,
      "n_evaluated": 287
    }
  },
  "teacher_agreement": {
    "top1_agreement": 0.4529616724738676,
    "kendall_tau_mean": 0.5555555555555544,
    "kendall_tau_valid_n": 285
  },
  "token_distribution": {
    "n": 287,
    "mean": 721.6,
    "stdev": 72.5,
    "min": 600,
    "p50": 707,
    "p95": 875,
    "p99": 961,
    "max": 977
  },
  "position_bias": {
    "n_valid": 285,
    "top1_slot_counts": [
      20,
      27,
      32,
      30,
      30,
      28,
      31,
      26,
      33,
      28
    ],
    "slot1_top1_rate": 0.0702,
    "chi2_uniform": 4.368,
    "chi2_pvalue": null,
    "recall_by_gt_position": [
      0.24,
      0.2414,
      0.2759,
      0.2647,
      0.2593,
      0.1724,
      0.24,
      0.2759,
      0.32,
      0.303
    ],
    "recall_support": [
      25,
      29,
      29,
      34,
      27,
      29,
      25,
      29,
      25,
      33
    ]
  },
  "generation_time_s": 1449
}
