{
  "tag": "sweep-9b-fp8dyn-mns256",
  "model": "ckpt/student-v4-9b-sft-B-ep2-fp8-dynamic_vllm_vlm_shell",
  "mode": "offline",
  "tensor_parallel_size": 1,
  "dtype": "bfloat16",
  "max_model_len": 4096,
  "gpu_memory_utilization": 0.8,
  "enforce_eager": false,
  "n_samples": 287,
  "split": "eval",
  "guided_decoding": false,
  "parsing": {
    "total": 287,
    "valid": 287,
    "valid_rate": 1.0
  },
  "positive_metrics": {
    "teacher": {
      "recall@1": 0.28222996515679444,
      "recall@5": 0.735191637630662,
      "recall@10": 1.0,
      "mrr@10": 0.477281400365024,
      "ndcg@5": 0.5145917724092727,
      "ndcg@10": 0.600256219189437,
      "n_evaluated": 287
    },
    "student": {
      "recall@1": 0.289198606271777,
      "recall@5": 0.7212543554006968,
      "recall@10": 1.0,
      "mrr@10": 0.48239035451578993,
      "ndcg@5": 0.5131074330122487,
      "ndcg@10": 0.6042352078700504,
      "n_evaluated": 287
    }
  },
  "teacher_agreement": {
    "top1_agreement": 0.5121951219512195,
    "kendall_tau_mean": 0.6819202477739047,
    "kendall_tau_valid_n": 287
  },
  "token_distribution": {
    "n": 287,
    "mean": 686.8,
    "stdev": 35.9,
    "min": 602,
    "p50": 685,
    "p95": 753,
    "p99": 770,
    "max": 791
  },
  "position_bias": {
    "n_valid": 287,
    "top1_slot_counts": [
      45,
      18,
      25,
      26,
      28,
      28,
      36,
      20,
      30,
      31
    ],
    "slot1_top1_rate": 0.1568,
    "chi2_uniform": 18.749,
    "chi2_pvalue": null,
    "recall_by_gt_position": [
      0.4,
      0.1379,
      0.2069,
      0.2941,
      0.3704,
      0.2414,
      0.28,
      0.1379,
      0.36,
      0.4571
    ],
    "recall_support": [
      25,
      29,
      29,
      34,
      27,
      29,
      25,
      29,
      25,
      35
    ]
  },
  "generation_time_s": 64.4
}