{
  "tag": "v4-sft-B-opt",
  "split": "eval",
  "n_samples": 287,
  "model": "ckpt/student-v4-sft-B-opt-merged",
  "positive_metrics": {
    "teacher": {
      "recall@1": 0.28222996515679444,
      "recall@5": 0.735191637630662,
      "recall@10": 1.0,
      "mrr@10": 0.477281400365024,
      "n_evaluated": 287
    },
    "student": {
      "recall@1": 0.27177700348432055,
      "recall@5": 0.7735191637630662,
      "recall@10": 1.0,
      "mrr@10": 0.48533128698633937,
      "n_evaluated": 287
    }
  },
  "parsing": {
    "total": 287,
    "valid": 287,
    "valid_rate": 1.0
  },
  "teacher_agreement": {
    "top1_agreement": 0.5331010452961672,
    "kendall_tau_mean": 0.6760356174990303,
    "kendall_tau_valid_n": 287
  }
}